Match_ID,Date,HomeTeam,AwayTeam,FTHG,FTAG,FTR,rain_game
1092,2012-03-31,Nurnberg,Bayern Munich,0,1,A,0
1093,2011-12-11,Stuttgart,Bayern Munich,1,2,A,0
1094,2011-08-13,Wolfsburg,Bayern Munich,0,1,A,0
1095,2011-11-27,Mainz,Bayern Munich,3,2,H,0
1096,2012-02-18,Freiburg,Bayern Munich,0,0,D,0
1097,2012-01-20,M'gladbach,Bayern Munich,3,1,H,0
1098,2012-02-04,Hamburg,Bayern Munich,1,1,D,0
1099,2012-04-21,Werder Bremen,Bayern Munich,1,2,A,0
1100,2011-09-18,Schalke 04,Bayern Munich,0,2,A,1
1101,2011-10-23,Hannover,Bayern Munich,2,1,H,0
1102,2011-10-01,Hoffenheim,Bayern Munich,0,0,D,0
1103,2012-03-03,Leverkusen,Bayern Munich,2,0,H,0
1104,2011-08-27,Kaiserslautern,Bayern Munich,0,3,A,1
1105,2012-03-17,Hertha,Bayern Munich,0,6,A,0
1106,2011-11-06,Augsburg,Bayern Munich,1,2,A,0
1107,2012-05-05,FC Koln,Bayern Munich,1,4,A,0
1108,2012-04-11,Dortmund,Bayern Munich,1,0,H,0
1109,2011-08-27,Leverkusen,Dortmund,0,0,D,1
1110,2011-12-17,Freiburg,Dortmund,1,4,A,0
1111,2012-02-18,Hertha,Dortmund,0,1,A,0
1112,2012-02-03,Nurnberg,Dortmund,0,2,A,0
1113,2011-08-13,Hoffenheim,Dortmund,1,0,H,0
1114,2011-10-29,Stuttgart,Dortmund,1,1,D,0
1115,2012-01-22,Hamburg,Dortmund,1,5,A,0
1116,2011-12-03,M'gladbach,Dortmund,1,1,D,1
1117,2012-04-14,Schalke 04,Dortmund,1,2,A,0
1118,2011-09-18,Hannover,Dortmund,2,1,H,1
1119,2012-03-25,FC Koln,Dortmund,1,6,A,0
1120,2012-03-10,Augsburg,Dortmund,0,0,D,0
1121,2012-04-07,Wolfsburg,Dortmund,1,3,A,0
1122,2011-11-19,Bayern Munich,Dortmund,0,1,A,0
1123,2011-10-14,Werder Bremen,Dortmund,0,2,A,0
1124,2011-09-24,Mainz,Dortmund,1,2,A,0
1125,2012-04-28,Kaiserslautern,Dortmund,2,5,A,0
1126,2011-12-18,Hansa Rostock,Dresden,2,2,D,1
1127,2012-03-02,Bochum,Dresden,0,2,A,0
1128,2012-03-16,Ein Frankfurt,Dresden,3,0,H,0
1129,2012-02-17,Paderborn,Dresden,2,2,D,0
1130,2011-08-06,Greuther Furth,Dresden,1,0,H,0
1131,2011-11-04,Fortuna Dusseldorf,Dresden,2,1,H,0
1132,2011-09-16,Ingolstadt,Dresden,4,2,H,0
1133,2011-07-15,Cottbus,Dresden,2,1,H,0
1134,2011-11-27,St Pauli,Dresden,3,1,H,0
1135,2012-05-06,Frankfurt FSV,Dresden,1,1,D,0
1136,2012-02-11,Union Berlin,Dresden,4,0,H,0
1137,2011-10-02,Munich 1860,Dresden,2,4,A,0
1138,2012-03-30,Aachen,Dresden,0,1,A,0
1139,2012-04-11,Karlsruhe,Dresden,2,0,H,0
1140,2011-10-22,Braunschweig,Dresden,0,2,A,0
1141,2012-04-21,Erzgebirge Aue,Dresden,1,1,D,0
1142,2011-08-26,Duisburg,Dresden,3,0,H,0
1143,2011-08-07,Frankfurt FSV,Duisburg,0,0,D,0
1144,2012-02-24,Dresden,Duisburg,2,0,H,0
1145,2011-12-18,Cottbus,Duisburg,1,1,D,1
1146,2011-07-17,Karlsruhe,Duisburg,3,2,H,0
1147,2012-04-11,Munich 1860,Duisburg,2,1,H,0
1148,2011-11-06,Aachen,Duisburg,2,2,D,0
1149,2012-02-12,Hansa Rostock,Duisburg,4,2,H,0
1150,2011-08-22,St Pauli,Duisburg,2,1,H,0
1151,2011-10-23,Ein Frankfurt,Duisburg,3,0,H,0
1152,2011-09-09,Greuther Furth,Duisburg,2,1,H,0
1153,2012-04-01,Ingolstadt,Duisburg,1,1,D,0
1154,2011-09-25,Bochum,Duisburg,2,1,H,0
1155,2012-04-20,Braunschweig,Duisburg,0,0,D,0
1156,2011-11-25,Erzgebirge Aue,Duisburg,1,2,A,0
1157,2012-03-25,Paderborn,Duisburg,1,2,A,0
1158,2012-05-06,Fortuna Dusseldorf,Duisburg,2,2,D,0
1159,2012-03-09,Union Berlin,Duisburg,1,1,D,0
1160,2011-11-07,Erzgebirge Aue,Ein Frankfurt,1,2,A,0
1161,2011-09-10,Cottbus,Ein Frankfurt,3,3,D,0
1162,2011-10-14,Bochum,Ein Frankfurt,0,2,A,0
1163,2011-08-21,Frankfurt FSV,Ein Frankfurt,0,4,A,0
1164,2011-09-26,Dresden,Ein Frankfurt,1,4,A,0
1165,2012-04-07,Duisburg,Ein Frankfurt,2,0,H,0
1166,2012-03-26,Union Berlin,Ein Frankfurt,0,4,A,0
1167,2011-07-15,Greuther Furth,Ein Frankfurt,2,3,A,0
1168,2012-05-06,Karlsruhe,Ein Frankfurt,1,0,H,0
1169,2011-10-30,Ingolstadt,Ein Frankfurt,1,1,D,0
1170,2012-02-13,Fortuna Dusseldorf,Ein Frankfurt,1,1,D,0
1171,2011-08-07,Braunschweig,Ein Frankfurt,0,3,A,0
1172,2012-02-26,Paderborn,Ein Frankfurt,4,2,H,0
1173,2011-12-19,St Pauli,Ein Frankfurt,2,0,H,0
1174,2012-03-11,Hansa Rostock,Ein Frankfurt,1,5,A,0
1175,2011-11-26,Munich 1860,Ein Frankfurt,2,1,H,0
1176,2012-04-23,Aachen,Ein Frankfurt,0,3,A,0
1177,2011-12-03,Stuttgart,FC Koln,2,2,D,1
1178,2011-12-16,Bayern Munich,FC Koln,3,0,H,1
1179,2011-10-22,Dortmund,FC Koln,5,0,H,0
1180,2011-08-13,Schalke 04,FC Koln,5,1,H,0
1181,2011-11-05,Werder Bremen,FC Koln,3,2,H,0
1182,2012-04-28,Freiburg,FC Koln,4,1,H,0
1183,2012-04-10,Mainz,FC Koln,4,0,H,0
1184,2012-04-15,M'gladbach,FC Koln,3,0,H,0
1185,2012-02-18,Nurnberg,FC Koln,2,1,H,0
1186,2012-02-05,Kaiserslautern,FC Koln,0,1,A,0
1187,2012-03-04,Hoffenheim,FC Koln,1,1,D,0
1188,2011-09-17,Leverkusen,FC Koln,1,4,A,0
1189,2012-03-31,Augsburg,FC Koln,2,1,H,0
1190,2011-10-01,Hertha,FC Koln,3,0,H,0
1191,2011-08-27,Hamburg,FC Koln,3,4,A,1
1192,2012-01-21,Wolfsburg,FC Koln,1,0,H,0
1193,2012-03-18,Hannover,FC Koln,4,1,H,0
1194,2011-08-06,Augsburg,Freiburg,2,2,D,0
1195,2011-09-24,Schalke 04,Freiburg,4,2,H,0
1196,2012-03-10,M'gladbach,Freiburg,0,0,D,0
1197,2011-09-10,Bayern Munich,Freiburg,7,0,H,0
1198,2012-04-22,Hannover,Freiburg,0,0,D,0
1199,2011-08-20,Werder Bremen,Freiburg,5,3,H,0
1200,2012-03-17,Hamburg,Freiburg,1,3,A,0
1201,2012-02-10,Wolfsburg,Freiburg,3,2,H,0
1202,2011-10-22,Kaiserslautern,Freiburg,1,0,H,0
1203,2011-11-26,Hoffenheim,Freiburg,1,1,D,0
1204,2012-02-25,Stuttgart,Freiburg,4,1,H,0
1205,2011-12-10,FC Koln,Freiburg,4,0,H,0
1206,2012-03-31,Leverkusen,Freiburg,0,2,A,0
1207,2012-05-05,Dortmund,Freiburg,4,0,H,0
1208,2012-04-10,Hertha,Freiburg,1,2,A,0
1209,2012-01-29,Mainz,Freiburg,3,1,H,0
1210,2011-11-05,Nurnberg,Freiburg,1,2,A,0
1211,2011-08-20,Bayern Munich,Hamburg,5,0,H,0
1212,2012-04-11,Hoffenheim,Hamburg,4,0,H,0
1213,2011-12-10,Mainz,Hamburg,0,0,D,0
1214,2011-10-16,Freiburg,Hamburg,1,2,A,0
1215,2012-03-31,Kaiserslautern,Hamburg,0,1,A,0
1216,2012-03-11,Schalke 04,Hamburg,3,1,H,0
1217,2012-04-21,Nurnberg,Hamburg,1,1,D,0
1218,2011-09-10,Werder Bremen,Hamburg,2,0,H,0
1219,2011-08-05,Dortmund,Hamburg,3,1,H,1
1220,2012-03-23,Wolfsburg,Hamburg,2,1,H,0
1221,2012-02-12,FC Koln,Hamburg,0,1,A,0
1222,2011-11-26,Hannover,Hamburg,1,1,D,0
1223,2012-05-05,Augsburg,Hamburg,1,0,H,0
1224,2011-09-23,Stuttgart,Hamburg,1,2,A,0
1225,2012-02-24,M'gladbach,Hamburg,1,1,D,0
1226,2011-11-05,Leverkusen,Hamburg,2,2,D,0
1227,2012-01-28,Hertha,Hamburg,1,2,A,0
1228,2012-01-28,Augsburg,Kaiserslautern,2,2,D,0
1229,2012-05-05,Hannover,Kaiserslautern,2,1,H,0
1230,2012-02-25,Mainz,Kaiserslautern,4,0,H,0
1231,2011-10-30,Hamburg,Kaiserslautern,1,1,D,0
1232,2011-10-15,Schalke 04,Kaiserslautern,1,2,A,0
1233,2011-12-11,Dortmund,Kaiserslautern,1,1,D,0
1234,2012-04-11,Leverkusen,Kaiserslautern,3,1,H,0
1235,2012-02-11,Bayern Munich,Kaiserslautern,2,0,H,0
1236,2011-09-10,M'gladbach,Kaiserslautern,1,0,H,0
1237,2011-08-06,Werder Bremen,Kaiserslautern,2,0,H,0
1238,2011-11-05,Hoffenheim,Kaiserslautern,1,1,D,0
1239,2011-08-20,FC Koln,Kaiserslautern,1,1,D,0
1240,2011-11-26,Nurnberg,Kaiserslautern,1,0,H,0
1241,2012-03-09,Stuttgart,Kaiserslautern,0,0,D,0
1242,2011-09-24,Wolfsburg,Kaiserslautern,1,0,H,0
1243,2012-03-24,Freiburg,Kaiserslautern,2,0,H,0
1244,2012-04-21,Hertha,Kaiserslautern,1,2,A,0
1245,2011-10-15,Union Berlin,Karlsruhe,2,0,H,0
1246,2011-11-18,Paderborn,Karlsruhe,2,1,H,1
1247,2012-04-29,Aachen,Karlsruhe,1,0,H,0
1248,2011-09-25,Hansa Rostock,Karlsruhe,1,1,D,0
1249,2011-12-09,Duisburg,Karlsruhe,3,1,H,0
1250,2011-12-03,Ein Frankfurt,Karlsruhe,2,0,H,1
1251,2012-04-15,Ingolstadt,Karlsruhe,2,1,H,0
1252,2012-04-08,Bochum,Karlsruhe,0,0,D,0
1253,2012-02-11,Braunschweig,Karlsruhe,0,0,D,0
1254,2011-10-29,Dresden,Karlsruhe,5,1,H,0
1255,2011-09-10,Fortuna Dusseldorf,Karlsruhe,4,2,H,0
1256,2012-03-12,St Pauli,Karlsruhe,1,0,H,0
1257,2011-08-21,Cottbus,Karlsruhe,2,0,H,0
1258,2012-02-26,Frankfurt FSV,Karlsruhe,2,1,H,0
1259,2012-03-24,Greuther Furth,Karlsruhe,3,0,H,0
1260,2011-08-07,Erzgebirge Aue,Karlsruhe,0,2,A,0
1261,2011-07-23,Munich 1860,Karlsruhe,2,1,H,0
1262,2011-09-24,Bayern Munich,Leverkusen,3,0,H,0
1263,2011-11-26,Hertha,Leverkusen,3,3,D,0
1264,2012-03-24,Schalke 04,Leverkusen,2,0,H,0
1265,2011-11-18,Kaiserslautern,Leverkusen,0,2,A,1
1266,2012-04-21,Hoffenheim,Leverkusen,0,1,A,0
1267,2012-04-08,Hamburg,Leverkusen,1,1,D,0
1268,2012-02-11,Dortmund,Leverkusen,1,0,H,0
1269,2012-02-25,FC Koln,Leverkusen,0,2,A,0
1270,2012-05-05,Nurnberg,Leverkusen,1,4,A,0
1271,2012-03-10,Wolfsburg,Leverkusen,3,2,H,0
1272,2012-01-28,Werder Bremen,Leverkusen,1,1,D,0
1273,2011-09-09,Augsburg,Leverkusen,1,4,A,0
1274,2011-10-15,M'gladbach,Leverkusen,2,2,D,0
1275,2011-12-10,Hannover,Leverkusen,0,0,D,0
1276,2011-08-07,Mainz,Leverkusen,2,0,H,0
1277,2011-10-28,Freiburg,Leverkusen,0,1,A,0
1278,2011-08-20,Stuttgart,Leverkusen,0,1,A,0
1279,2012-04-14,Kaiserslautern,Nurnberg,0,2,A,0
1280,2012-01-27,Hannover,Nurnberg,1,0,H,0
1281,2012-03-10,Mainz,Nurnberg,2,1,H,0
1282,2012-02-25,Werder Bremen,Nurnberg,0,1,A,0
1283,2012-04-28,Hoffenheim,Nurnberg,2,3,A,0
1284,2011-12-17,Leverkusen,Nurnberg,0,3,A,0
1285,2011-10-15,Wolfsburg,Nurnberg,2,1,H,0
1286,2012-02-12,Augsburg,Nurnberg,0,0,D,0
1287,2012-03-25,Stuttgart,Nurnberg,1,0,H,0
1288,2011-12-04,Hamburg,Nurnberg,2,0,H,0
1289,2011-11-19,Schalke 04,Nurnberg,4,0,H,0
1290,2011-09-11,FC Koln,Nurnberg,1,2,A,0
1291,2012-04-07,Freiburg,Nurnberg,2,2,D,0
1292,2011-08-06,Hertha,Nurnberg,0,1,A,0
1293,2011-10-29,Bayern Munich,Nurnberg,4,0,H,0
1294,2011-09-24,M'gladbach,Nurnberg,1,0,H,0
1295,2011-08-20,Dortmund,Nurnberg,2,0,H,0
1296,2012-04-01,Hoffenheim,Schalke 04,1,1,D,0
1297,2012-04-11,Nurnberg,Schalke 04,4,1,H,0
1298,2011-09-11,Wolfsburg,Schalke 04,2,1,H,0
1299,2012-01-28,FC Koln,Schalke 04,1,4,A,0
1300,2011-11-06,Hannover,Schalke 04,2,2,D,0
1301,2012-05-05,Werder Bremen,Schalke 04,2,3,A,0
1302,2012-03-03,Freiburg,Schalke 04,2,1,H,0
1303,2011-12-09,Hertha,Schalke 04,1,2,A,0
1304,2011-11-26,Dortmund,Schalke 04,2,0,H,0
1305,2011-10-23,Leverkusen,Schalke 04,0,1,A,0
1306,2012-03-18,Kaiserslautern,Schalke 04,1,4,A,0
1307,2012-04-22,Augsburg,Schalke 04,1,1,D,0
1308,2012-02-11,M'gladbach,Schalke 04,3,0,H,0
1309,2011-10-02,Hamburg,Schalke 04,1,2,A,0
1310,2012-02-26,Bayern Munich,Schalke 04,2,0,H,0
1311,2011-08-06,Stuttgart,Schalke 04,3,0,H,0
1312,2011-08-21,Mainz,Schalke 04,2,4,A,0
1313,2011-12-17,Wolfsburg,Stuttgart,1,0,H,0
1314,2011-11-04,Mainz,Stuttgart,3,1,H,0
1315,2012-01-21,Schalke 04,Stuttgart,3,1,H,0
1316,2011-08-26,Hertha,Stuttgart,1,0,H,0
1317,2012-03-30,Dortmund,Stuttgart,4,4,D,0
1318,2012-02-04,Leverkusen,Stuttgart,2,2,D,0
1319,2011-09-30,Kaiserslautern,Stuttgart,0,2,A,0
1320,2011-10-22,Nurnberg,Stuttgart,2,2,D,0
1321,2012-03-16,Hoffenheim,Stuttgart,1,2,A,0
1322,2012-04-10,Augsburg,Stuttgart,1,3,A,0
1323,2012-03-03,Hamburg,Stuttgart,0,4,A,0
1324,2012-04-28,Bayern Munich,Stuttgart,2,0,H,0
1325,2011-08-13,M'gladbach,Stuttgart,1,1,D,0
1326,2012-02-19,Hannover,Stuttgart,4,2,H,0
1327,2011-09-16,Freiburg,Stuttgart,1,2,A,0
1328,2012-04-21,FC Koln,Stuttgart,1,1,D,0
1329,2011-11-27,Werder Bremen,Stuttgart,2,0,H,0
1330,2011-11-19,M'gladbach,Werder Bremen,5,0,H,0
1331,2011-10-02,Hannover,Werder Bremen,3,2,H,0
1332,2012-04-07,FC Koln,Werder Bremen,1,1,D,0
1333,2012-03-17,Dortmund,Werder Bremen,1,0,H,0
1334,2012-04-13,Stuttgart,Werder Bremen,4,1,H,0
1335,2011-12-03,Bayern Munich,Werder Bremen,4,1,H,1
1336,2012-03-03,Hertha,Werder Bremen,1,0,H,0
1337,2012-01-21,Kaiserslautern,Werder Bremen,0,0,D,0
1338,2012-04-28,Wolfsburg,Werder Bremen,3,1,H,0
1339,2012-02-05,Freiburg,Werder Bremen,2,2,D,0
1340,2011-09-17,Nurnberg,Werder Bremen,1,1,D,0
1341,2012-02-18,Hamburg,Werder Bremen,1,3,A,0
1342,2011-10-21,Augsburg,Werder Bremen,1,1,D,0
1343,2011-08-14,Leverkusen,Werder Bremen,1,0,H,1
1344,2011-10-29,Mainz,Werder Bremen,1,3,A,0
1345,2011-08-27,Hoffenheim,Werder Bremen,1,2,A,1
1346,2011-12-17,Schalke 04,Werder Bremen,5,0,H,0
1347,2011-11-27,Braunschweig,Bochum,4,0,H,0
1348,2012-04-11,Aachen,Bochum,2,0,H,0
1349,2011-09-12,Dresden,Bochum,2,1,H,0
1350,2012-03-30,Ein Frankfurt,Bochum,3,0,H,0
1351,2011-12-17,Frankfurt FSV,Bochum,0,2,A,0
1352,2011-10-21,Karlsruhe,Bochum,0,0,D,0
1353,2012-02-12,St Pauli,Bochum,2,1,H,0
1354,2011-08-20,Union Berlin,Bochum,2,1,H,0
1355,2012-03-09,Paderborn,Bochum,0,0,D,0
1356,2012-05-06,Erzgebirge Aue,Bochum,2,1,H,0
1357,2011-11-05,Munich 1860,Bochum,1,3,A,0
1358,2012-03-18,Duisburg,Bochum,2,1,H,0
1359,2012-04-20,Cottbus,Bochum,1,1,D,0
1360,2011-07-18,Fortuna Dusseldorf,Bochum,2,0,H,0
1361,2012-02-25,Greuther Furth,Bochum,6,2,H,0
1362,2011-08-08,Hansa Rostock,Bochum,0,0,D,1
1363,2011-10-01,Ingolstadt,Bochum,3,5,A,0
1364,2012-03-24,Bayern Munich,Hannover,2,1,H,0
1365,2011-11-19,Wolfsburg,Hannover,4,1,H,0
1366,2012-04-14,Hamburg,Hannover,1,0,H,0
1367,2011-10-16,FC Koln,Hannover,2,0,H,0
1368,2011-09-24,Augsburg,Hannover,0,0,D,0
1369,2012-04-08,Schalke 04,Hannover,3,0,H,0
1370,2011-12-18,Kaiserslautern,Hannover,1,1,D,1
1371,2011-08-13,Nurnberg,Hannover,1,2,A,0
1372,2012-04-28,Leverkusen,Hannover,1,0,H,0
1373,2012-02-26,Dortmund,Hannover,3,1,H,0
1374,2012-02-11,Mainz,Hannover,1,1,D,0
1375,2012-01-21,Hoffenheim,Hannover,0,0,D,0
1376,2012-03-11,Werder Bremen,Hannover,3,0,H,0
1377,2012-02-04,Hertha,Hannover,0,1,A,0
1378,2011-10-29,M'gladbach,Hannover,2,1,H,0
1379,2011-09-10,Stuttgart,Hannover,3,0,H,0
1380,2011-12-03,Freiburg,Hannover,1,1,D,1
1381,2011-10-21,Fortuna Dusseldorf,Hansa Rostock,2,0,H,0
1382,2011-09-30,Erzgebirge Aue,Hansa Rostock,1,0,H,0
1383,2012-03-18,Karlsruhe,Hansa Rostock,2,2,D,0
1384,2012-02-05,Bochum,Hansa Rostock,2,1,H,0
1385,2011-08-14,Duisburg,Hansa Rostock,0,0,D,1
1386,2012-02-19,Aachen,Hansa Rostock,0,0,D,0
1387,2011-12-09,Paderborn,Hansa Rostock,2,0,H,0
1388,2012-03-04,Braunschweig,Hansa Rostock,3,2,H,0
1389,2012-04-29,Union Berlin,Hansa Rostock,5,4,H,0
1390,2011-07-24,Dresden,Hansa Rostock,1,1,D,0
1391,2011-11-06,Frankfurt FSV,Hansa Rostock,0,0,D,0
1392,2012-04-10,Cottbus,Hansa Rostock,0,1,A,0
1393,2011-09-16,Ein Frankfurt,Hansa Rostock,4,1,H,0
1394,2011-08-26,Ingolstadt,Hansa Rostock,3,1,H,0
1395,2011-12-03,Greuther Furth,Hansa Rostock,3,0,H,1
1396,2012-03-31,Munich 1860,Hansa Rostock,0,1,A,0
1397,2012-04-22,St Pauli,Hansa Rostock,3,0,H,0
1398,2011-09-25,Werder Bremen,Hertha,2,1,H,0
1399,2012-01-21,Nurnberg,Hertha,2,0,H,0
1400,2011-11-19,Freiburg,Hertha,2,2,D,0
1401,2011-10-15,Bayern Munich,Hertha,4,0,H,0
1402,2012-04-07,M'gladbach,Hertha,0,0,D,0
1403,2011-10-29,Wolfsburg,Hertha,2,3,A,0
1404,2011-08-21,Hannover,Hertha,1,1,D,0
1405,2011-08-13,Hamburg,Hertha,2,2,D,0
1406,2012-02-11,Stuttgart,Hertha,5,0,H,0
1407,2011-09-10,Dortmund,Hertha,1,2,A,0
1408,2012-02-25,Augsburg,Hertha,3,0,H,0
1409,2012-04-28,Schalke 04,Hertha,4,0,H,0
1410,2012-04-14,Leverkusen,Hertha,3,3,D,0
1411,2011-12-03,Kaiserslautern,Hertha,1,1,D,1
1412,2012-03-24,Mainz,Hertha,1,3,A,0
1413,2012-03-10,FC Koln,Hertha,1,0,H,0
1414,2011-12-17,Hoffenheim,Hertha,1,1,D,0
1415,2012-03-17,Augsburg,Mainz,2,1,H,0
1416,2011-10-01,Nurnberg,Mainz,3,3,D,0
1417,2011-08-13,Freiburg,Mainz,1,2,A,0
1418,2012-04-28,Hamburg,Mainz,0,0,D,0
1419,2012-02-17,Hoffenheim,Mainz,1,1,D,0
1420,2012-03-31,Werder Bremen,Mainz,0,3,A,0
1421,2011-12-18,M'gladbach,Mainz,1,0,H,1
1422,2012-01-22,Leverkusen,Mainz,3,2,H,0
1423,2012-04-07,Stuttgart,Mainz,4,1,H,0
1424,2011-12-13,FC Koln,Mainz,1,1,D,1
1425,2012-03-03,Dortmund,Mainz,2,1,H,0
1426,2011-10-22,Hertha,Mainz,0,0,D,0
1427,2011-08-28,Hannover,Mainz,1,1,D,0
1428,2012-04-14,Bayern Munich,Mainz,0,0,D,0
1429,2011-12-03,Wolfsburg,Mainz,2,2,D,1
1430,2011-09-17,Kaiserslautern,Mainz,3,1,H,0
1431,2012-02-04,Schalke 04,Mainz,1,1,D,0
1432,2012-04-29,Ein Frankfurt,Munich 1860,0,2,A,0
1433,2011-08-06,Cottbus,Munich 1860,0,5,A,0
1434,2012-04-15,Bochum,Munich 1860,2,2,D,0
1435,2012-03-23,Dresden,Munich 1860,0,1,A,0
1436,2011-10-14,Hansa Rostock,Munich 1860,2,0,H,0
1437,2011-09-25,Greuther Furth,Munich 1860,2,0,H,0
1438,2011-10-30,Duisburg,Munich 1860,0,3,A,0
1439,2011-08-19,Fortuna Dusseldorf,Munich 1860,3,1,H,0
1440,2012-03-14,Erzgebirge Aue,Munich 1860,0,0,D,0
1441,2011-12-17,Karlsruhe,Munich 1860,1,3,A,0
1442,2011-07-17,Braunschweig,Munich 1860,3,1,H,0
1443,2012-03-10,Frankfurt FSV,Munich 1860,3,1,H,0
1444,2012-04-08,Paderborn,Munich 1860,2,2,D,0
1445,2012-02-24,Union Berlin,Munich 1860,0,1,A,0
1446,2011-12-04,Aachen,Munich 1860,2,2,D,0
1447,2011-11-18,Ingolstadt,Munich 1860,0,1,A,1
1448,2011-09-11,St Pauli,Munich 1860,4,2,H,0
1449,2011-08-12,Bochum,St Pauli,1,2,A,0
1450,2012-04-13,Greuther Furth,St Pauli,2,1,H,0
1451,2012-03-18,Erzgebirge Aue,St Pauli,2,1,H,0
1452,2012-03-05,Munich 1860,St Pauli,1,1,D,0
1453,2011-12-02,Paderborn,St Pauli,1,1,D,0
1454,2011-10-01,Cottbus,St Pauli,1,4,A,0
1455,2012-04-07,Frankfurt FSV,St Pauli,3,3,D,0
1456,2011-12-11,Ingolstadt,St Pauli,1,0,H,0
1457,2012-02-17,Duisburg,St Pauli,0,1,A,0
1458,2011-09-19,Karlsruhe,St Pauli,0,2,A,0
1459,2011-10-28,Union Berlin,St Pauli,0,2,A,0
1460,2012-04-29,Dresden,St Pauli,1,0,H,0
1461,2011-11-19,Hansa Rostock,St Pauli,1,3,A,0
1462,2011-08-28,Braunschweig,St Pauli,1,0,H,0
1463,2011-07-25,Ein Frankfurt,St Pauli,1,1,D,0
1464,2012-04-02,Fortuna Dusseldorf,St Pauli,0,0,D,0
1465,2012-02-04,Aachen,St Pauli,2,1,H,0
1466,2011-08-06,FC Koln,Wolfsburg,0,3,A,0
1467,2012-03-03,Kaiserslautern,Wolfsburg,0,0,D,0
1468,2011-11-05,Dortmund,Wolfsburg,5,1,H,0
1469,2011-10-01,Leverkusen,Wolfsburg,3,1,H,0
1470,2011-10-22,Hamburg,Wolfsburg,1,1,D,0
1471,2011-12-10,Werder Bremen,Wolfsburg,4,1,H,0
1472,2012-02-19,Schalke 04,Wolfsburg,4,0,H,0
1473,2011-11-26,Augsburg,Wolfsburg,2,0,H,0
1474,2012-05-05,Stuttgart,Wolfsburg,3,2,H,0
1475,2012-03-31,Hertha,Wolfsburg,1,4,A,0
1476,2012-04-20,Mainz,Wolfsburg,0,0,D,0
1477,2011-08-19,M'gladbach,Wolfsburg,4,1,H,0
1478,2012-03-17,Nurnberg,Wolfsburg,1,3,A,0
1479,2011-09-17,Hoffenheim,Wolfsburg,3,1,H,0
1480,2012-04-11,Hannover,Wolfsburg,2,0,H,0
1481,2012-01-28,Bayern Munich,Wolfsburg,2,0,H,0
1482,2011-08-27,Freiburg,Wolfsburg,3,0,H,1
1483,2012-03-17,Leverkusen,M'gladbach,1,2,A,0
1484,2011-10-22,Hoffenheim,M'gladbach,1,0,H,0
1485,2012-05-05,Mainz,M'gladbach,0,3,A,0
1486,2011-08-28,Schalke 04,M'gladbach,1,0,H,0
1487,2012-02-18,Kaiserslautern,M'gladbach,1,2,A,0
1488,2011-09-17,Hamburg,M'gladbach,0,1,A,0
1489,2012-02-04,Wolfsburg,M'gladbach,0,0,D,0
1490,2012-04-01,Hannover,M'gladbach,2,1,H,0
1491,2011-08-07,Bayern Munich,M'gladbach,0,1,A,0
1492,2012-04-21,Dortmund,M'gladbach,2,0,H,0
1493,2011-12-10,Augsburg,M'gladbach,1,0,H,0
1494,2012-04-10,Werder Bremen,M'gladbach,2,2,D,0
1495,2012-03-04,Nurnberg,M'gladbach,1,0,H,0
1496,2012-01-29,Stuttgart,M'gladbach,0,3,A,0
1497,2011-11-05,Hertha,M'gladbach,1,2,A,0
1498,2011-11-25,FC Koln,M'gladbach,0,3,A,0
1499,2011-10-01,Freiburg,M'gladbach,1,0,H,0
1500,2012-02-06,Munich 1860,Cottbus,2,0,H,0
1501,2011-12-11,Dresden,Cottbus,2,1,H,0
1502,2011-10-28,Hansa Rostock,Cottbus,1,1,D,0
1503,2012-04-15,Paderborn,Cottbus,3,1,H,0
1504,2011-11-21,Bochum,Cottbus,0,1,A,0
1505,2011-07-22,Duisburg,Cottbus,1,2,A,1
1506,2012-03-04,Ein Frankfurt,Cottbus,1,0,H,0
1507,2011-08-13,Aachen,Cottbus,0,2,A,0
1508,2011-08-29,Erzgebirge Aue,Cottbus,0,0,D,0
1509,2012-04-05,Greuther Furth,Cottbus,3,0,H,0
1510,2012-02-17,Karlsruhe,Cottbus,2,0,H,0
1511,2012-03-25,St Pauli,Cottbus,0,0,D,0
1512,2011-10-16,Frankfurt FSV,Cottbus,0,1,A,0
1513,2011-12-02,Union Berlin,Cottbus,1,0,H,0
1514,2012-04-29,Ingolstadt,Cottbus,1,0,H,0
1515,2011-09-17,Braunschweig,Cottbus,3,1,H,0
1516,2011-09-24,Fortuna Dusseldorf,Cottbus,4,2,H,0
1517,2011-08-13,Paderborn,Greuther Furth,0,1,A,0
1518,2012-04-20,Frankfurt FSV,Greuther Furth,1,1,D,0
1519,2012-02-03,Dresden,Greuther Furth,3,1,H,0
1520,2012-04-10,Braunschweig,Greuther Furth,0,0,D,0
1521,2011-11-28,Fortuna Dusseldorf,Greuther Furth,2,1,H,0
1522,2012-03-02,Duisburg,Greuther Furth,0,2,A,0
1523,2011-08-26,Bochum,Greuther Furth,1,4,A,0
1524,2012-03-31,Erzgebirge Aue,Greuther Furth,1,1,D,0
1525,2011-07-23,Union Berlin,Greuther Furth,0,4,A,0
1526,2011-10-22,Cottbus,Greuther Furth,0,2,A,0
1527,2011-11-05,St Pauli,Greuther Furth,2,2,D,0
1528,2012-05-06,Hansa Rostock,Greuther Furth,2,2,D,0
1529,2011-09-18,Aachen,Greuther Furth,0,0,D,1
1530,2011-10-02,Karlsruhe,Greuther Furth,2,2,D,0
1531,2012-02-19,Ingolstadt,Greuther Furth,0,0,D,0
1532,2011-12-12,Ein Frankfurt,Greuther Furth,0,0,D,1
1533,2012-03-17,Munich 1860,Greuther Furth,1,4,A,0
1534,2011-11-20,Ein Frankfurt,Aachen,4,3,H,0
1535,2011-08-19,Hansa Rostock,Aachen,0,0,D,0
1536,2012-03-23,Frankfurt FSV,Aachen,2,1,H,0
1537,2011-09-09,Paderborn,Aachen,0,0,D,0
1538,2012-04-14,Duisburg,Aachen,2,0,H,0
1539,2011-10-16,Dresden,Aachen,1,1,D,0
1540,2012-05-06,Munich 1860,Aachen,1,2,A,0
1541,2011-12-18,Braunschweig,Aachen,1,1,D,1
1542,2012-02-10,Cottbus,Aachen,1,1,D,0
1543,2011-09-24,Union Berlin,Aachen,2,0,H,0
1544,2012-02-27,Fortuna Dusseldorf,Aachen,0,0,D,0
1545,2011-08-05,St Pauli,Aachen,3,1,H,1
1546,2012-03-09,Greuther Furth,Aachen,1,0,H,0
1547,2012-04-08,Ingolstadt,Aachen,3,3,D,0
1548,2011-10-28,Bochum,Aachen,1,0,H,0
1549,2011-11-26,Karlsruhe,Aachen,0,2,A,0
1550,2011-07-16,Erzgebirge Aue,Aachen,1,0,H,0
1551,2011-07-15,Frankfurt FSV,Union Berlin,1,1,D,0
1552,2012-05-06,Cottbus,Union Berlin,2,1,H,0
1553,2011-11-25,Hansa Rostock,Union Berlin,2,5,A,0
1554,2011-09-17,Duisburg,Union Berlin,1,1,D,0
1555,2012-03-02,Ingolstadt,Union Berlin,3,3,D,0
1556,2012-02-03,Paderborn,Union Berlin,3,2,H,0
1557,2012-03-16,Aachen,Union Berlin,1,3,A,0
1558,2011-10-23,Erzgebirge Aue,Union Berlin,1,1,D,0
1559,2012-04-01,Karlsruhe,Union Berlin,2,0,H,0
1560,2012-02-18,Bochum,Union Berlin,4,2,H,0
1561,2012-04-22,Fortuna Dusseldorf,Union Berlin,2,1,H,0
1562,2011-11-04,Braunschweig,Union Berlin,1,2,A,0
1563,2011-08-12,Dresden,Union Berlin,4,0,H,0
1564,2011-12-16,Greuther Furth,Union Berlin,5,0,H,1
1565,2011-09-30,Ein Frankfurt,Union Berlin,3,1,H,0
1566,2011-08-28,Munich 1860,Union Berlin,3,1,H,0
1567,2012-04-10,St Pauli,Union Berlin,2,1,H,0
1568,2011-11-18,Duisburg,Braunschweig,3,0,H,1
1569,2012-04-29,Bochum,Braunschweig,2,0,H,0
1570,2012-04-07,Dresden,Braunschweig,2,2,D,0
1571,2011-09-23,Frankfurt FSV,Braunschweig,1,1,D,0
1572,2011-10-14,Paderborn,Braunschweig,1,0,H,0
1573,2012-03-24,Fortuna Dusseldorf,Braunschweig,1,1,D,0
1574,2011-07-24,Aachen,Braunschweig,0,2,A,0
1575,2012-02-26,St Pauli,Braunschweig,0,0,D,0
1576,2012-03-11,Cottbus,Braunschweig,1,1,D,0
1577,2011-10-31,Greuther Furth,Braunschweig,1,3,A,0
1578,2011-12-09,Munich 1860,Braunschweig,3,0,H,0
1579,2011-09-09,Hansa Rostock,Braunschweig,0,0,D,0
1580,2012-02-05,Ein Frankfurt,Braunschweig,2,1,H,0
1581,2012-04-13,Union Berlin,Braunschweig,1,0,H,0
1582,2011-12-02,Ingolstadt,Braunschweig,0,1,A,0
1583,2012-02-20,Erzgebirge Aue,Braunschweig,1,1,D,0
1584,2011-08-12,Karlsruhe,Braunschweig,1,3,A,0
1585,2012-04-05,Union Berlin,Erzgebirge Aue,1,0,H,0
1586,2011-12-04,Bochum,Erzgebirge Aue,6,0,H,0
1587,2011-09-11,Frankfurt FSV,Erzgebirge Aue,1,1,D,0
1588,2012-03-25,Hansa Rostock,Erzgebirge Aue,0,1,A,0
1589,2011-09-23,St Pauli,Erzgebirge Aue,2,3,A,0
1590,2011-08-14,Munich 1860,Erzgebirge Aue,4,0,H,1
1591,2011-10-16,Greuther Furth,Erzgebirge Aue,2,0,H,0
1592,2011-10-29,Paderborn,Erzgebirge Aue,1,0,H,0
1593,2012-04-29,Duisburg,Erzgebirge Aue,2,1,H,0
1594,2012-04-14,Ein Frankfurt,Erzgebirge Aue,4,0,H,0
1595,2011-12-11,Aachen,Erzgebirge Aue,1,1,D,0
1596,2011-07-22,Ingolstadt,Erzgebirge Aue,0,0,D,1
1597,2011-11-20,Dresden,Erzgebirge Aue,1,2,A,0
1598,2011-08-20,Braunschweig,Erzgebirge Aue,1,1,D,0
1599,2012-02-05,Karlsruhe,Erzgebirge Aue,2,1,H,0
1600,2012-02-25,Cottbus,Erzgebirge Aue,2,0,H,0
1601,2012-03-10,Fortuna Dusseldorf,Erzgebirge Aue,3,1,H,0
1602,2011-07-17,Hansa Rostock,Paderborn,1,2,A,0
1603,2011-10-02,Duisburg,Paderborn,0,1,A,0
1604,2011-12-16,Fortuna Dusseldorf,Paderborn,2,3,A,1
1605,2012-04-22,Karlsruhe,Paderborn,2,0,H,0
1606,2012-03-03,Aachen,Paderborn,0,3,A,0
1607,2011-08-21,Dresden,Paderborn,1,2,A,0
1608,2011-08-28,Ein Frankfurt,Paderborn,0,0,D,0
1609,2011-09-18,Bochum,Paderborn,0,4,A,1
1610,2012-05-06,St Pauli,Paderborn,5,0,H,0
1611,2012-02-12,Greuther Furth,Paderborn,5,1,H,0
1612,2011-11-25,Frankfurt FSV,Paderborn,2,2,D,0
1613,2011-08-05,Union Berlin,Paderborn,3,0,H,1
1614,2012-04-11,Erzgebirge Aue,Paderborn,0,2,A,0
1615,2012-03-30,Braunschweig,Paderborn,0,0,D,0
1616,2011-10-21,Munich 1860,Paderborn,1,1,D,0
1617,2011-11-06,Cottbus,Paderborn,0,2,A,0
1618,2012-03-17,Ingolstadt,Paderborn,4,0,H,0
1619,2011-08-27,Nurnberg,Augsburg,1,0,H,1
1620,2012-03-24,Werder Bremen,Augsburg,1,1,D,0
1621,2011-11-20,Stuttgart,Augsburg,2,1,H,0
1622,2011-12-17,Hamburg,Augsburg,1,1,D,0
1623,2012-04-07,Bayern Munich,Augsburg,2,1,H,0
1624,2012-04-28,M'gladbach,Augsburg,0,0,D,0
1625,2012-02-04,Hoffenheim,Augsburg,2,2,D,0
1626,2011-10-30,FC Koln,Augsburg,3,0,H,0
1627,2011-12-04,Schalke 04,Augsburg,3,1,H,0
1628,2012-03-03,Hannover,Augsburg,2,2,D,0
1629,2011-09-17,Hertha,Augsburg,2,2,D,0
1630,2011-10-15,Mainz,Augsburg,0,1,A,0
1631,2012-02-18,Leverkusen,Augsburg,4,1,H,0
1632,2012-04-14,Wolfsburg,Augsburg,1,2,A,0
1633,2011-08-14,Kaiserslautern,Augsburg,1,1,D,1
1634,2011-10-01,Dortmund,Augsburg,4,0,H,0
1635,2012-01-21,Freiburg,Augsburg,1,0,H,0
1636,2011-11-20,Hamburg,Hoffenheim,2,0,H,0
1637,2012-01-28,Dortmund,Hoffenheim,3,1,H,0
1638,2012-03-24,M'gladbach,Hoffenheim,1,2,A,0
1639,2012-02-11,Werder Bremen,Hoffenheim,1,1,D,0
1640,2011-12-02,Leverkusen,Hoffenheim,2,0,H,0
1641,2011-10-15,Stuttgart,Hoffenheim,2,0,H,0
1642,2012-04-07,Kaiserslautern,Hoffenheim,1,2,A,0
1643,2012-03-10,Bayern Munich,Hoffenheim,7,1,H,0
1644,2011-09-25,FC Koln,Hoffenheim,2,0,H,0
1645,2012-05-05,Hertha,Hoffenheim,3,1,H,0
1646,2011-09-10,Mainz,Hoffenheim,0,4,A,0
1647,2011-10-29,Schalke 04,Hoffenheim,3,1,H,0
1648,2011-08-06,Hannover,Hoffenheim,2,1,H,0
1649,2011-12-10,Nurnberg,Hoffenheim,0,2,A,0
1650,2011-08-20,Augsburg,Hoffenheim,0,2,A,0
1651,2012-04-15,Freiburg,Hoffenheim,0,0,D,0
1652,2012-02-25,Wolfsburg,Hoffenheim,1,2,A,0
1653,2011-12-04,Dresden,Frankfurt FSV,2,2,D,0
1654,2011-09-18,Munich 1860,Frankfurt FSV,4,0,H,1
1655,2011-11-20,Greuther Furth,Frankfurt FSV,4,0,H,0
1656,2011-08-27,Karlsruhe,Frankfurt FSV,0,4,A,1
1657,2012-02-03,Duisburg,Frankfurt FSV,1,2,A,0
1658,2011-10-23,St Pauli,Frankfurt FSV,2,1,H,0
1659,2012-03-16,Braunschweig,Frankfurt FSV,0,0,D,0
1660,2011-08-14,Ingolstadt,Frankfurt FSV,1,1,D,1
1661,2011-12-10,Union Berlin,Frankfurt FSV,4,0,H,0
1662,2011-09-30,Aachen,Frankfurt FSV,1,3,A,0
1663,2012-03-04,Erzgebirge Aue,Frankfurt FSV,4,3,H,0
1664,2012-02-18,Ein Frankfurt,Frankfurt FSV,6,1,H,0
1665,2012-04-29,Paderborn,Frankfurt FSV,1,0,H,0
1666,2012-04-01,Cottbus,Frankfurt FSV,1,1,D,0
1667,2011-07-22,Bochum,Frankfurt FSV,1,0,H,1
1668,2012-04-13,Hansa Rostock,Frankfurt FSV,0,5,A,0
1669,2012-04-10,Fortuna Dusseldorf,Frankfurt FSV,1,0,H,0
1670,2012-03-23,Bochum,Ingolstadt,0,1,A,0
1671,2011-11-27,Cottbus,Ingolstadt,0,0,D,0
1672,2011-10-15,Duisburg,Ingolstadt,3,1,H,0
1673,2011-11-04,Karlsruhe,Ingolstadt,3,2,H,0
1674,2011-08-19,Greuther Furth,Ingolstadt,3,0,H,0
1675,2012-02-10,Frankfurt FSV,Ingolstadt,1,1,D,0
1676,2011-12-16,Erzgebirge Aue,Ingolstadt,1,1,D,1
1677,2011-09-11,Union Berlin,Ingolstadt,4,1,H,0
1678,2011-07-16,St Pauli,Ingolstadt,2,0,H,0
1679,2012-03-11,Dresden,Ingolstadt,0,0,D,0
1680,2011-09-23,Paderborn,Ingolstadt,4,1,H,0
1681,2012-04-11,Ein Frankfurt,Ingolstadt,1,1,D,0
1682,2011-10-23,Aachen,Ingolstadt,3,1,H,0
1683,2012-05-06,Braunschweig,Ingolstadt,3,1,H,0
1684,2011-08-05,Fortuna Dusseldorf,Ingolstadt,4,1,H,1
1685,2012-02-24,Hansa Rostock,Ingolstadt,1,2,A,0
1686,2012-04-21,Munich 1860,Ingolstadt,4,1,H,0
1687,2012-04-29,Greuther Furth,Fortuna Dusseldorf,1,1,D,0
1688,2011-10-17,St Pauli,Fortuna Dusseldorf,1,3,A,0
1689,2011-12-05,Duisburg,Fortuna Dusseldorf,0,2,A,0
1690,2012-04-16,Dresden,Fortuna Dusseldorf,2,1,H,0
1691,2011-10-30,Frankfurt FSV,Fortuna Dusseldorf,2,5,A,0
1692,2012-04-05,Hansa Rostock,Fortuna Dusseldorf,2,1,H,0
1693,2012-02-04,Ingolstadt,Fortuna Dusseldorf,1,1,D,0
1694,2011-10-03,Braunschweig,Fortuna Dusseldorf,1,1,D,0
1695,2012-03-03,Karlsruhe,Fortuna Dusseldorf,0,5,A,0
1696,2012-03-19,Cottbus,Fortuna Dusseldorf,1,1,D,0
1697,2011-11-19,Union Berlin,Fortuna Dusseldorf,0,0,D,0
1698,2012-02-19,Munich 1860,Fortuna Dusseldorf,2,1,H,0
1699,2011-07-24,Paderborn,Fortuna Dusseldorf,1,1,D,0
1700,2011-12-10,Bochum,Fortuna Dusseldorf,1,1,D,0
1701,2011-08-15,Ein Frankfurt,Fortuna Dusseldorf,1,1,D,0
1702,2011-08-27,Aachen,Fortuna Dusseldorf,0,0,D,1
1703,2011-09-16,Erzgebirge Aue,Fortuna Dusseldorf,2,4,A,0
44495,2011-08-13,Blackburn,Wolves,1,2,A,0
44496,2011-08-13,Fulham,Aston Villa,0,0,D,0
44497,2011-08-13,Liverpool,Sunderland,1,1,D,0
44498,2011-08-13,Newcastle,Arsenal,0,0,D,0
44499,2011-08-13,QPR,Bolton,0,4,A,0
44500,2011-08-13,Wigan,Norwich,1,1,D,0
44501,2011-08-14,Stoke,Chelsea,0,0,D,1
44502,2011-08-14,West Brom,Man United,1,2,A,1
44503,2011-08-15,Man City,Swansea,4,0,H,0
44504,2011-08-20,Arsenal,Liverpool,0,2,A,0
44505,2011-08-20,Aston Villa,Blackburn,3,1,H,0
44506,2011-08-20,Chelsea,West Brom,2,1,H,0
44507,2011-08-20,Everton,QPR,0,1,A,0
44508,2011-08-20,Sunderland,Newcastle,0,1,A,0
44509,2011-08-20,Swansea,Wigan,0,0,D,0
44510,2011-08-21,Bolton,Man City,2,3,A,0
44511,2011-08-21,Norwich,Stoke,1,1,D,0
44512,2011-08-21,Wolves,Fulham,2,0,H,0
44513,2011-08-22,Man United,Tottenham,3,0,H,0
44514,2011-08-27,Aston Villa,Wolves,0,0,D,1
44515,2011-08-27,Blackburn,Everton,0,1,A,1
44516,2011-08-27,Chelsea,Norwich,3,1,H,1
44517,2011-08-27,Liverpool,Bolton,3,1,H,1
44518,2011-08-27,Swansea,Sunderland,0,0,D,1
44519,2011-08-27,Wigan,QPR,2,0,H,1
44520,2011-08-28,Man United,Arsenal,8,2,H,0
44521,2011-08-28,Newcastle,Fulham,2,1,H,0
44522,2011-08-28,Tottenham,Man City,1,5,A,0
44523,2011-08-28,West Brom,Stoke,0,1,A,0
44524,2011-09-10,Arsenal,Swansea,1,0,H,0
44525,2011-09-10,Bolton,Man United,0,5,A,0
44526,2011-09-10,Everton,Aston Villa,2,2,D,0
44527,2011-09-10,Man City,Wigan,3,0,H,0
44528,2011-09-10,Stoke,Liverpool,1,0,H,0
44529,2011-09-10,Sunderland,Chelsea,1,2,A,0
44530,2011-09-10,Wolves,Tottenham,0,2,A,0
44531,2011-09-11,Fulham,Blackburn,1,1,D,0
44532,2011-09-11,Norwich,West Brom,0,1,A,0
44533,2011-09-12,QPR,Newcastle,0,0,D,0
44534,2011-09-17,Aston Villa,Newcastle,1,1,D,0
44535,2011-09-17,Blackburn,Arsenal,4,3,H,0
44536,2011-09-17,Bolton,Norwich,1,2,A,0
44537,2011-09-17,Everton,Wigan,3,1,H,0
44538,2011-09-17,Swansea,West Brom,3,0,H,0
44539,2011-09-17,Wolves,QPR,0,3,A,0
44540,2011-09-18,Fulham,Man City,2,2,D,1
44541,2011-09-18,Man United,Chelsea,3,1,H,1
44542,2011-09-18,Sunderland,Stoke,4,0,H,1
44543,2011-09-18,Tottenham,Liverpool,4,0,H,1
44544,2011-09-24,Arsenal,Bolton,3,0,H,0
44545,2011-09-24,Chelsea,Swansea,4,1,H,0
44546,2011-09-24,Liverpool,Wolves,2,1,H,0
44547,2011-09-24,Man City,Everton,2,0,H,0
44548,2011-09-24,Newcastle,Blackburn,3,1,H,0
44549,2011-09-24,Stoke,Man United,1,1,D,0
44550,2011-09-24,West Brom,Fulham,0,0,D,0
44551,2011-09-24,Wigan,Tottenham,1,2,A,0
44552,2011-09-25,QPR,Aston Villa,1,1,D,0
44553,2011-09-26,Norwich,Sunderland,2,1,H,0
44554,2011-10-01,Aston Villa,Wigan,2,0,H,0
44555,2011-10-01,Blackburn,Man City,0,4,A,0
44556,2011-10-01,Everton,Liverpool,0,2,A,0
44557,2011-10-01,Man United,Norwich,2,0,H,0
44558,2011-10-01,Sunderland,West Brom,2,2,D,0
44559,2011-10-01,Wolves,Newcastle,1,2,A,0
44560,2011-10-02,Bolton,Chelsea,1,5,A,0
44561,2011-10-02,Fulham,QPR,6,0,H,0
44562,2011-10-02,Swansea,Stoke,2,0,H,0
44563,2011-10-02,Tottenham,Arsenal,2,1,H,0
44564,2011-10-15,Chelsea,Everton,3,1,H,0
44565,2011-10-15,Liverpool,Man United,1,1,D,0
44566,2011-10-15,Man City,Aston Villa,4,1,H,0
44567,2011-10-15,Norwich,Swansea,3,1,H,0
44568,2011-10-15,QPR,Blackburn,1,1,D,0
44569,2011-10-15,Stoke,Fulham,2,0,H,0
44570,2011-10-15,Wigan,Bolton,1,3,A,0
44571,2011-10-16,Arsenal,Sunderland,2,1,H,0
44572,2011-10-16,Newcastle,Tottenham,2,2,D,0
44573,2011-10-16,West Brom,Wolves,2,0,H,0
44574,2011-10-22,Aston Villa,West Brom,1,2,A,0
44575,2011-10-22,Bolton,Sunderland,0,2,A,0
44576,2011-10-22,Liverpool,Norwich,1,1,D,0
44577,2011-10-22,Newcastle,Wigan,1,0,H,0
44578,2011-10-22,Wolves,Swansea,2,2,D,0
44579,2011-10-23,Arsenal,Stoke,3,1,H,0
44580,2011-10-23,Blackburn,Tottenham,1,2,A,0
44581,2011-10-23,Fulham,Everton,1,3,A,0
44582,2011-10-23,Man United,Man City,1,6,A,0
44583,2011-10-23,QPR,Chelsea,1,0,H,0
44584,2011-10-29,Chelsea,Arsenal,3,5,A,0
44585,2011-10-29,Everton,Man United,0,1,A,0
44586,2011-10-29,Man City,Wolves,3,1,H,0
44587,2011-10-29,Norwich,Blackburn,3,3,D,0
44588,2011-10-29,Sunderland,Aston Villa,2,2,D,0
44589,2011-10-29,Swansea,Bolton,3,1,H,0
44590,2011-10-29,West Brom,Liverpool,0,2,A,0
44591,2011-10-29,Wigan,Fulham,0,2,A,0
44592,2011-10-30,Tottenham,QPR,3,1,H,0
44593,2011-10-31,Stoke,Newcastle,1,3,A,0
44594,2011-11-05,Arsenal,West Brom,3,0,H,0
44595,2011-11-05,Aston Villa,Norwich,3,2,H,0
44596,2011-11-05,Blackburn,Chelsea,0,1,A,0
44597,2011-11-05,Liverpool,Swansea,0,0,D,0
44598,2011-11-05,Man United,Sunderland,1,0,H,0
44599,2011-11-05,Newcastle,Everton,2,1,H,0
44600,2011-11-05,QPR,Man City,2,3,A,0
44601,2011-11-06,Bolton,Stoke,5,0,H,0
44602,2011-11-06,Fulham,Tottenham,1,3,A,0
44603,2011-11-06,Wolves,Wigan,3,1,H,0
44604,2011-11-19,Everton,Wolves,2,1,H,0
44605,2011-11-19,Man City,Newcastle,3,1,H,0
44606,2011-11-19,Norwich,Arsenal,1,2,A,0
44607,2011-11-19,Stoke,QPR,2,3,A,0
44608,2011-11-19,Sunderland,Fulham,0,0,D,0
44609,2011-11-19,Swansea,Man United,0,1,A,0
44610,2011-11-19,West Brom,Bolton,2,1,H,0
44611,2011-11-19,Wigan,Blackburn,3,3,D,0
44612,2011-11-20,Chelsea,Liverpool,1,2,A,0
44613,2011-11-21,Tottenham,Aston Villa,2,0,H,0
44614,2011-11-26,Arsenal,Fulham,1,1,D,0
44615,2011-11-26,Bolton,Everton,0,2,A,0
44616,2011-11-26,Chelsea,Wolves,3,0,H,0
44617,2011-11-26,Man United,Newcastle,1,1,D,0
44618,2011-11-26,Norwich,QPR,2,1,H,0
44619,2011-11-26,Stoke,Blackburn,3,1,H,0
44620,2011-11-26,Sunderland,Wigan,1,2,A,0
44621,2011-11-26,West Brom,Tottenham,1,3,A,0
44622,2011-11-27,Liverpool,Man City,1,1,D,0
44623,2011-11-27,Swansea,Aston Villa,0,0,D,0
44624,2011-12-03,Aston Villa,Man United,0,1,A,1
44625,2011-12-03,Blackburn,Swansea,4,2,H,1
44626,2011-12-03,Man City,Norwich,5,1,H,1
44627,2011-12-03,Newcastle,Chelsea,0,3,A,1
44628,2011-12-03,QPR,West Brom,1,1,D,1
44629,2011-12-03,Tottenham,Bolton,3,0,H,1
44630,2011-12-03,Wigan,Arsenal,0,4,A,1
44631,2011-12-04,Everton,Stoke,0,1,A,0
44632,2011-12-04,Wolves,Sunderland,2,1,H,0
44633,2011-12-05,Fulham,Liverpool,1,0,H,0
44634,2011-12-10,Arsenal,Everton,1,0,H,0
44635,2011-12-10,Bolton,Aston Villa,1,2,A,0
44636,2011-12-10,Liverpool,QPR,1,0,H,0
44637,2011-12-10,Man United,Wolves,4,1,H,0
44638,2011-12-10,Norwich,Newcastle,4,2,H,0
44639,2011-12-10,Swansea,Fulham,2,0,H,0
44640,2011-12-10,West Brom,Wigan,1,2,A,0
44641,2011-12-11,Stoke,Tottenham,2,1,H,0
44642,2011-12-11,Sunderland,Blackburn,2,1,H,0
44643,2011-12-12,Chelsea,Man City,2,1,H,1
44644,2011-12-17,Blackburn,West Brom,1,2,A,0
44645,2011-12-17,Everton,Norwich,1,1,D,0
44646,2011-12-17,Fulham,Bolton,2,0,H,0
44647,2011-12-17,Newcastle,Swansea,0,0,D,0
44648,2011-12-17,Wigan,Chelsea,1,1,D,0
44649,2011-12-17,Wolves,Stoke,1,2,A,0
44650,2011-12-18,Aston Villa,Liverpool,0,2,A,1
44651,2011-12-18,Man City,Arsenal,1,0,H,1
44652,2011-12-18,QPR,Man United,0,2,A,1
44653,2011-12-18,Tottenham,Sunderland,1,0,H,1
44654,2011-12-20,Blackburn,Bolton,1,2,A,0
44655,2011-12-20,Wolves,Norwich,2,2,D,0
44656,2011-12-21,Aston Villa,Arsenal,1,2,A,0
44657,2011-12-21,Everton,Swansea,1,0,H,0
44658,2011-12-21,Fulham,Man United,0,5,A,0
44659,2011-12-21,Man City,Stoke,3,0,H,0
44660,2011-12-21,Newcastle,West Brom,2,3,A,0
44661,2011-12-21,QPR,Sunderland,2,3,A,0
44662,2011-12-21,Wigan,Liverpool,0,0,D,0
44663,2011-12-22,Tottenham,Chelsea,1,1,D,0
44664,2011-12-26,Bolton,Newcastle,0,2,A,0
44665,2011-12-26,Chelsea,Fulham,1,1,D,0
44666,2011-12-26,Liverpool,Blackburn,1,1,D,0
44667,2011-12-26,Man United,Wigan,5,0,H,0
44668,2011-12-26,Stoke,Aston Villa,0,0,D,0
44669,2011-12-26,Sunderland,Everton,1,1,D,0
44670,2011-12-26,West Brom,Man City,0,0,D,0
44671,2011-12-27,Arsenal,Wolves,1,1,D,0
44672,2011-12-27,Norwich,Tottenham,0,2,A,0
44673,2011-12-27,Swansea,QPR,1,1,D,0
44674,2011-12-30,Liverpool,Newcastle,3,1,H,0
44675,2011-12-31,Arsenal,QPR,1,0,H,0
44676,2011-12-31,Bolton,Wolves,1,1,D,0
44677,2011-12-31,Chelsea,Aston Villa,1,3,A,0
44678,2011-12-31,Man United,Blackburn,2,3,A,0
44679,2011-12-31,Norwich,Fulham,1,1,D,0
44680,2011-12-31,Stoke,Wigan,2,2,D,0
44681,2011-12-31,Swansea,Tottenham,1,1,D,0
44682,2012-01-01,Sunderland,Man City,1,0,H,0
44683,2012-01-01,West Brom,Everton,0,1,A,0
44684,2012-01-02,Aston Villa,Swansea,0,2,A,1
44685,2012-01-02,Blackburn,Stoke,1,2,A,1
44686,2012-01-02,Fulham,Arsenal,2,1,H,1
44687,2012-01-02,QPR,Norwich,1,2,A,1
44688,2012-01-02,Wolves,Chelsea,1,2,A,1
44689,2012-01-03,Man City,Liverpool,3,0,H,1
44690,2012-01-03,Tottenham,West Brom,1,0,H,1
44691,2012-01-03,Wigan,Sunderland,1,4,A,1
44692,2012-01-04,Everton,Bolton,1,2,A,0
44693,2012-01-04,Newcastle,Man United,3,0,H,0
44694,2012-01-11,Tottenham,Everton,2,0,H,0
44695,2012-01-14,Aston Villa,Everton,1,1,D,0
44696,2012-01-14,Blackburn,Fulham,3,1,H,0
44697,2012-01-14,Chelsea,Sunderland,1,0,H,0
44698,2012-01-14,Liverpool,Stoke,0,0,D,0
44699,2012-01-14,Man United,Bolton,3,0,H,0
44700,2012-01-14,Tottenham,Wolves,1,1,D,0
44701,2012-01-14,West Brom,Norwich,1,2,A,0
44702,2012-01-15,Newcastle,QPR,1,0,H,0
44703,2012-01-15,Swansea,Arsenal,3,2,H,0
44704,2012-01-16,Wigan,Man City,0,1,A,0
44705,2012-01-21,Bolton,Liverpool,3,1,H,0
44706,2012-01-21,Everton,Blackburn,1,1,D,0
44707,2012-01-21,Fulham,Newcastle,5,2,H,0
44708,2012-01-21,Norwich,Chelsea,0,0,D,0
44709,2012-01-21,QPR,Wigan,3,1,H,0
44710,2012-01-21,Stoke,West Brom,1,2,A,0
44711,2012-01-21,Sunderland,Swansea,2,0,H,0
44712,2012-01-21,Wolves,Aston Villa,2,3,A,0
44713,2012-01-22,Arsenal,Man United,1,2,A,0
44714,2012-01-22,Man City,Tottenham,3,2,H,0
44715,2012-01-31,Everton,Man City,1,0,H,0
44716,2012-01-31,Man United,Stoke,2,0,H,0
44717,2012-01-31,Swansea,Chelsea,1,1,D,0
44718,2012-01-31,Tottenham,Wigan,3,1,H,0
44719,2012-01-31,Wolves,Liverpool,0,3,A,0
44720,2012-02-01,Aston Villa,QPR,2,2,D,0
44721,2012-02-01,Blackburn,Newcastle,0,2,A,0
44722,2012-02-01,Bolton,Arsenal,0,0,D,0
44723,2012-02-01,Fulham,West Brom,1,1,D,0
44724,2012-02-01,Sunderland,Norwich,3,0,H,0
44725,2012-02-04,Arsenal,Blackburn,7,1,H,0
44726,2012-02-04,Man City,Fulham,3,0,H,0
44727,2012-02-04,Norwich,Bolton,2,0,H,0
44728,2012-02-04,QPR,Wolves,1,2,A,0
44729,2012-02-04,Stoke,Sunderland,0,1,A,0
44730,2012-02-04,West Brom,Swansea,1,2,A,0
44731,2012-02-04,Wigan,Everton,1,1,D,0
44732,2012-02-05,Chelsea,Man United,3,3,D,0
44733,2012-02-05,Newcastle,Aston Villa,2,1,H,0
44734,2012-02-06,Liverpool,Tottenham,0,0,D,0
44735,2012-02-11,Blackburn,QPR,3,2,H,0
44736,2012-02-11,Bolton,Wigan,1,2,A,0
44737,2012-02-11,Everton,Chelsea,2,0,H,0
44738,2012-02-11,Fulham,Stoke,2,1,H,0
44739,2012-02-11,Man United,Liverpool,2,1,H,0
44740,2012-02-11,Sunderland,Arsenal,1,2,A,0
44741,2012-02-11,Swansea,Norwich,2,3,A,0
44742,2012-02-11,Tottenham,Newcastle,5,0,H,0
44743,2012-02-12,Aston Villa,Man City,0,1,A,0
44744,2012-02-12,Wolves,West Brom,1,5,A,0
44745,2012-02-25,Chelsea,Bolton,3,0,H,0
44746,2012-02-25,Man City,Blackburn,3,0,H,0
44747,2012-02-25,Newcastle,Wolves,2,2,D,0
44748,2012-02-25,QPR,Fulham,0,1,A,0
44749,2012-02-25,West Brom,Sunderland,4,0,H,0
44750,2012-02-25,Wigan,Aston Villa,0,0,D,0
44751,2012-02-26,Arsenal,Tottenham,5,2,H,0
44752,2012-02-26,Norwich,Man United,1,2,A,0
44753,2012-02-26,Stoke,Swansea,2,0,H,0
44754,2012-03-03,Blackburn,Aston Villa,1,1,D,0
44755,2012-03-03,Liverpool,Arsenal,1,2,A,0
44756,2012-03-03,Man City,Bolton,2,0,H,0
44757,2012-03-03,QPR,Everton,1,1,D,0
44758,2012-03-03,Stoke,Norwich,1,0,H,0
44759,2012-03-03,West Brom,Chelsea,1,0,H,0
44760,2012-03-03,Wigan,Swansea,0,2,A,0
44761,2012-03-04,Fulham,Wolves,5,0,H,0
44762,2012-03-04,Newcastle,Sunderland,1,1,D,0
44763,2012-03-04,Tottenham,Man United,1,3,A,0
44764,2012-03-10,Aston Villa,Fulham,1,0,H,0
44765,2012-03-10,Bolton,QPR,2,1,H,0
44766,2012-03-10,Chelsea,Stoke,1,0,H,0
44767,2012-03-10,Everton,Tottenham,1,0,H,0
44768,2012-03-10,Sunderland,Liverpool,1,0,H,0
44769,2012-03-10,Wolves,Blackburn,0,2,A,0
44770,2012-03-11,Man United,West Brom,2,0,H,0
44771,2012-03-11,Norwich,Wigan,1,1,D,0
44772,2012-03-11,Swansea,Man City,1,0,H,0
44773,2012-03-12,Arsenal,Newcastle,2,1,H,0
44774,2012-03-13,Liverpool,Everton,3,0,H,0
44775,2012-03-17,Fulham,Swansea,0,3,A,0
44776,2012-03-17,Wigan,West Brom,1,1,D,0
44777,2012-03-18,Newcastle,Norwich,1,0,H,0
44778,2012-03-18,Wolves,Man United,0,5,A,0
44779,2012-03-20,Blackburn,Sunderland,2,0,H,0
44780,2012-03-21,Everton,Arsenal,0,1,A,0
44781,2012-03-21,Man City,Chelsea,2,1,H,0
44782,2012-03-21,QPR,Liverpool,3,2,H,0
44783,2012-03-21,Tottenham,Stoke,1,1,D,0
44784,2012-03-24,Arsenal,Aston Villa,3,0,H,0
44785,2012-03-24,Bolton,Blackburn,2,1,H,0
44786,2012-03-24,Chelsea,Tottenham,0,0,D,0
44787,2012-03-24,Liverpool,Wigan,1,2,A,0
44788,2012-03-24,Norwich,Wolves,2,1,H,0
44789,2012-03-24,Stoke,Man City,1,1,D,0
44790,2012-03-24,Sunderland,QPR,3,1,H,0
44791,2012-03-24,Swansea,Everton,0,2,A,0
44792,2012-03-25,West Brom,Newcastle,1,3,A,0
44793,2012-03-26,Man United,Fulham,1,0,H,0
44794,2012-03-31,Aston Villa,Chelsea,2,4,A,0
44795,2012-03-31,Everton,West Brom,2,0,H,0
44796,2012-03-31,Fulham,Norwich,2,1,H,0
44797,2012-03-31,Man City,Sunderland,3,3,D,0
44798,2012-03-31,QPR,Arsenal,2,1,H,0
44799,2012-03-31,Wigan,Stoke,2,0,H,0
44800,2012-03-31,Wolves,Bolton,2,3,A,0
44801,2012-04-01,Newcastle,Liverpool,2,0,H,0
44802,2012-04-01,Tottenham,Swansea,3,1,H,0
44803,2012-04-02,Blackburn,Man United,0,2,A,0
44804,2012-04-06,Swansea,Newcastle,0,2,A,0
44805,2012-04-07,Bolton,Fulham,0,3,A,0
44806,2012-04-07,Chelsea,Wigan,2,1,H,0
44807,2012-04-07,Liverpool,Aston Villa,1,1,D,0
44808,2012-04-07,Norwich,Everton,2,2,D,0
44809,2012-04-07,Stoke,Wolves,2,1,H,0
44810,2012-04-07,Sunderland,Tottenham,0,0,D,0
44811,2012-04-07,West Brom,Blackburn,3,0,H,0
44812,2012-04-08,Arsenal,Man City,1,0,H,0
44813,2012-04-08,Man United,QPR,2,0,H,0
44814,2012-04-09,Aston Villa,Stoke,1,1,D,0
44815,2012-04-09,Everton,Sunderland,4,0,H,0
44816,2012-04-09,Fulham,Chelsea,1,1,D,0
44817,2012-04-09,Newcastle,Bolton,2,0,H,0
44818,2012-04-09,Tottenham,Norwich,1,2,A,0
44819,2012-04-10,Blackburn,Liverpool,2,3,A,0
44820,2012-04-11,Man City,West Brom,4,0,H,0
44821,2012-04-11,QPR,Swansea,3,0,H,0
44822,2012-04-11,Wigan,Man United,1,0,H,0
44823,2012-04-11,Wolves,Arsenal,0,3,A,0
44824,2012-04-14,Norwich,Man City,1,6,A,0
44825,2012-04-14,Sunderland,Wolves,0,0,D,0
44826,2012-04-14,Swansea,Blackburn,3,0,H,0
44827,2012-04-14,West Brom,QPR,1,0,H,0
44828,2012-04-15,Man United,Aston Villa,4,0,H,0
44829,2012-04-16,Arsenal,Wigan,1,2,A,0
44830,2012-04-21,Arsenal,Chelsea,0,0,D,0
44831,2012-04-21,Aston Villa,Sunderland,0,0,D,0
44832,2012-04-21,Blackburn,Norwich,2,0,H,0
44833,2012-04-21,Bolton,Swansea,1,1,D,0
44834,2012-04-21,Fulham,Wigan,2,1,H,0
44835,2012-04-21,Newcastle,Stoke,3,0,H,0
44836,2012-04-21,QPR,Tottenham,1,0,H,0
44837,2012-04-22,Liverpool,West Brom,0,1,A,0
44838,2012-04-22,Man United,Everton,4,4,D,0
44839,2012-04-22,Wolves,Man City,0,2,A,0
44840,2012-04-24,Aston Villa,Bolton,1,2,A,0
44841,2012-04-28,Everton,Fulham,4,0,H,0
44842,2012-04-28,Norwich,Liverpool,0,3,A,0
44843,2012-04-28,Stoke,Arsenal,1,1,D,0
44844,2012-04-28,Sunderland,Bolton,2,2,D,0
44845,2012-04-28,Swansea,Wolves,4,4,D,0
44846,2012-04-28,West Brom,Aston Villa,0,0,D,0
44847,2012-04-28,Wigan,Newcastle,4,0,H,0
44848,2012-04-29,Chelsea,QPR,6,1,H,0
44849,2012-04-29,Tottenham,Blackburn,2,0,H,0
44850,2012-04-30,Man City,Man United,1,0,H,0
44851,2012-05-01,Liverpool,Fulham,0,1,A,0
44852,2012-05-01,Stoke,Everton,1,1,D,0
44853,2012-05-02,Bolton,Tottenham,1,4,A,0
44854,2012-05-02,Chelsea,Newcastle,0,2,A,0
44855,2012-05-05,Arsenal,Norwich,3,3,D,0
44856,2012-05-06,Aston Villa,Tottenham,1,1,D,0
44857,2012-05-06,Bolton,West Brom,2,2,D,0
44858,2012-05-06,Fulham,Sunderland,2,1,H,0
44859,2012-05-06,Man United,Swansea,2,0,H,0
44860,2012-05-06,Newcastle,Man City,0,2,A,0
44861,2012-05-06,QPR,Stoke,1,0,H,0
44862,2012-05-06,Wolves,Everton,0,0,D,0
44863,2012-05-07,Blackburn,Wigan,0,1,A,0
44864,2012-05-08,Liverpool,Chelsea,4,1,H,0
44865,2012-05-13,Chelsea,Blackburn,2,1,H,0
44866,2012-05-13,Everton,Newcastle,3,1,H,0
44867,2012-05-13,Man City,QPR,3,2,H,0
44868,2012-05-13,Norwich,Aston Villa,2,0,H,0
44869,2012-05-13,Stoke,Bolton,2,2,D,0
44870,2012-05-13,Sunderland,Man United,0,1,A,0
44871,2012-05-13,Swansea,Liverpool,1,0,H,0
44872,2012-05-13,Tottenham,Fulham,2,0,H,0
44873,2012-05-13,West Brom,Arsenal,2,3,A,0
44874,2012-05-13,Wigan,Wolves,3,2,H,0
